year,births
2000,2.69616578
2001,2.666349493
2002,2.64355328
2003,2.6248957
2004,2.608629514
2005,2.588058048
2006,2.577170957
2007,2.567089029
2008,2.554934486
2009,2.534207585
2010,2.516290288
2011,2.498604082
2012,2.48889436
2013,2.472253007
2014,2.464680782
2015,2.455270398
2016,2.44464622
2017,2.427212258
2018,2.415040379
2019,2.401803511