year,tertiary
2000,19.02593994
2001,20.32254028
2002,21.9403801
2003,23.13619041
2004,24.12968063
2005,24.94113922
2006,26.0039196
2007,26.94486046
2008,28.06014061
2009,29.19436073
2010,30.48856926
2011,32.32720947
2012,34.03815842
2013,35.1912384
2014,37.79988861
2015,38.95061111
2016,39.67110825
2017,40.26337814
2018,41.06241989
2019,42.37649155
2020,43.22806931